,folder_name,auc modified_BRM_cosine_similarity_,auc minmax norm modified_BRM_cosine_similarity_,auc std norm modified_BRM_cosine_similarity_,auc minmax std norm modified_BRM_cosine_similarity_,folder_name,auc modified_BRM_manhattan_distances_,auc minmax norm modified_BRM_manhattan_distances_,auc std norm modified_BRM_manhattan_distances_,auc minmax std norm modified_BRM_manhattan_distances_,folder_name,auc modified_BRM_euclidean_distances_,auc minmax norm modified_BRM_euclidean_distances_,auc std norm modified_BRM_euclidean_distances_,auc minmax std norm modified_BRM_euclidean_distances_,folder_name,auc GaussianMixture,auc minmax norm GaussianMixture,auc std norm GaussianMixture,auc minmax std norm GaussianMixture,folder_name,auc IsolationForest,auc minmax norm IsolationForest,auc std norm IsolationForest,auc minmax std norm IsolationForest,folder_name,auc OneClassSVM,auc minmax norm OneClassSVM,auc std norm OneClassSVM,auc minmax std norm OneClassSVM
0,ecoli-0-1_vs_5,0.5511363636363636,0.5227272727272727,0.5170454545454546,0.5284090909090908,ecoli-0-1_vs_5,0.9204545454545454,0.9204545454545454,0.9204545454545454,0.9261363636363636,ecoli-0-1_vs_5,0.9261363636363636,0.9261363636363636,0.9261363636363636,0.9261363636363636,ecoli-0-1-4-7_vs_2-3-5-6,0.8333333333333334,0.8333333333333334,0.8333333333333334,0.8333333333333334,ecoli-0-1_vs_5,0.8409090909090909,0.8977272727272727,0.8579545454545454,0.8693181818181818,ecoli-0-1_vs_5,0.875,0.8693181818181819,0.8920454545454546,0.8920454545454546
1,ecoli-0-2-3-4_vs_5,0.6621621621621621,0.668918918918919,0.6216216216216217,0.6283783783783783,ecoli-0-2-3-4_vs_5,0.9256756756756755,0.9189189189189187,0.9189189189189187,0.9189189189189187,ecoli-0-2-3-4_vs_5,0.9189189189189187,0.9189189189189187,0.9189189189189187,0.9189189189189187,yeast1,0.5261765678386421,0.5261765678386421,0.5261765678386421,0.5261765678386421,ecoli-0-2-3-4_vs_5,0.8918918918918919,0.8783783783783784,0.8783783783783784,0.8783783783783784,ecoli-0-2-3-4_vs_5,0.9054054054054056,0.8783783783783784,0.8986486486486487,0.8986486486486487
2,lymphography-normal-fibrosis,0.9107142857142858,0.9107142857142858,0.9107142857142858,0.9107142857142858,lymphography-normal-fibrosis,1.0,1.0,1.0,1.0,lymphography-normal-fibrosis,1.0,1.0,1.0,1.0,dermatology-6,1.0,1.0,1.0,1.0,lymphography-normal-fibrosis,1.0,1.0,1.0,1.0,lymphography-normal-fibrosis,0.9642857142857144,1.0,1.0,1.0
3,car-vgood,0.5,0.5,0.5,0.5,car-vgood,0.6137676137676138,0.6096096096096095,0.6523446523446523,0.6103026103026103,car-vgood,0.5384615384615384,0.5751905751905751,0.5368445368445368,0.5756525756525757,abalone19,0.5904704463208685,0.5904704463208685,0.5906714917571372,0.5906714917571372,car-vgood,0.8729498729498729,0.8946638946638946,0.8431508431508432,0.9002079002079002,car-vgood,0.9949179949179948,0.9949179949179948,0.9951489951489952,0.9951489951489952
4,glass1,0.5601851851851852,0.5625,0.5555555555555556,0.5601851851851851,glass1,0.6597222222222222,0.6550925925925926,0.6597222222222222,0.6527777777777778,glass1,0.6388888888888888,0.6342592592592593,0.6388888888888888,0.6481481481481481,poker-8-9_vs_6,0.7390410958904109,0.7390410958904109,0.7390410958904109,0.7390410958904109,glass1,0.5416666666666667,0.5439814814814814,0.548611111111111,0.5347222222222223,glass1,0.5763888888888891,0.5277777777777778,0.5578703703703703,0.5578703703703703
5,ecoli-0-3-4_vs_5,0.875,0.8819444444444444,0.8888888888888888,0.8819444444444444,ecoli-0-3-4_vs_5,0.9722222222222222,0.9722222222222222,0.9722222222222222,0.9722222222222222,ecoli-0-3-4_vs_5,0.9722222222222222,0.9722222222222222,0.9722222222222222,0.9722222222222222,winequality-red-8_vs_6-7,0.7949101796407185,0.784431137724551,0.784431137724551,0.784431137724551,ecoli-0-3-4_vs_5,0.9375,0.9166666666666669,0.8888888888888888,0.9305555555555556,ecoli-0-3-4_vs_5,0.9305555555555556,0.9236111111111112,0.9513888888888888,0.9513888888888888
6,zoo-3,0.95,0.95,0.95,0.95,zoo-3,1.0,1.0,1.0,1.0,zoo-3,1.0,1.0,1.0,1.0,winequality-white-9_vs_4,0.5454545454545454,0.6060606060606061,0.6060606060606061,0.6060606060606061,zoo-3,0.6,0.6,0.6,0.65,zoo-3,0.95,0.9,0.7999999999999999,0.7999999999999999
7,wisconsinImb,0.9397237827715356,0.9401919475655429,0.939255617977528,0.9307116104868912,wisconsinImb,0.9941479400749064,0.9939138576779026,0.9941479400749064,0.9936797752808988,wisconsinImb,0.9922752808988764,0.9929775280898876,0.9932116104868912,0.9932116104868912,kr-vs-k-zero_vs_eight,0.8735431235431235,0.8735431235431235,0.8735431235431235,0.8735431235431235,wisconsinImb,0.9978932584269664,0.9967228464419476,0.9976591760299626,0.9978932584269664,wisconsinImb,0.9948501872659176,0.9934456928838952,0.9915730337078652,0.9915730337078652
8,ecoli-0-4-6_vs_5,0.9594594594594594,0.9797297297297296,0.9797297297297296,0.9594594594594594,ecoli-0-4-6_vs_5,1.0,1.0,1.0,1.0,ecoli-0-4-6_vs_5,1.0,1.0,1.0,1.0,ecoli-0-2-3-4_vs_5,0.8918918918918919,0.8918918918918919,0.8918918918918919,0.8918918918918919,ecoli-0-4-6_vs_5,0.9324324324324323,0.9797297297297296,0.9459459459459459,0.9121621621621622,ecoli-0-4-6_vs_5,0.9864864864864864,0.9797297297297296,0.9932432432432432,0.9932432432432432
9,ecoli-0-1-4-7_vs_5-6,0.5612903225806452,0.5709677419354838,0.5645161290322579,0.5645161290322579,ecoli-0-1-4-7_vs_5-6,0.8741935483870968,0.8709677419354839,0.8677419354838709,0.8774193548387097,ecoli-0-1-4-7_vs_5-6,0.8096774193548387,0.8387096774193549,0.8096774193548387,0.8161290322580645,ecoli3,0.7939110070257611,0.7939110070257611,0.7939110070257611,0.7939110070257611,ecoli-0-1-4-7_vs_5-6,0.7677419354838709,0.8387096774193548,0.8258064516129032,0.7451612903225807,ecoli-0-1-4-7_vs_5-6,0.7548387096774194,0.7064516129032259,0.7451612903225806,0.7451612903225806
10,glass-0-6_vs_5,0.5249999999999999,0.55,0.525,0.5,glass-0-6_vs_5,0.875,0.875,0.875,0.875,glass-0-6_vs_5,0.875,0.875,0.875,0.875,yeast-0-2-5-7-9_vs_3-6-8,0.7798342541436464,0.7798342541436464,0.7798342541436464,0.7798342541436464,glass-0-6_vs_5,0.75,0.75,0.75,0.7250000000000001,glass-0-6_vs_5,0.875,0.5,0.7,0.7
11,glass-0-4_vs_5,1.0,1.0,1.0,1.0,glass-0-4_vs_5,0.8823529411764706,0.8823529411764706,0.8823529411764706,0.8823529411764706,glass-0-4_vs_5,0.8529411764705882,0.8235294117647058,0.8529411764705882,0.8235294117647058,glass4,0.7416666666666667,0.7416666666666667,0.7416666666666667,0.7416666666666667,glass-0-4_vs_5,0.8529411764705882,0.8235294117647058,0.7352941176470589,0.8529411764705882,glass-0-4_vs_5,0.5294117647058824,0.6764705882352942,0.7941176470588236,0.7941176470588236
12,ecoli-0-1_vs_2-3-5,0.5727272727272728,0.5727272727272728,0.5545454545454546,0.5681818181818182,ecoli-0-1_vs_2-3-5,1.0,1.0,1.0,1.0,ecoli-0-1_vs_2-3-5,0.9954545454545456,0.9954545454545456,0.9954545454545456,0.9954545454545456,ecoli-0-6-7_vs_3-5,0.925,0.925,0.925,0.925,ecoli-0-1_vs_2-3-5,0.990909090909091,0.990909090909091,0.9863636363636364,0.9863636363636364,ecoli-0-1_vs_2-3-5,0.9727272727272728,0.9727272727272728,0.9954545454545456,0.9954545454545456
13,yeast-0-2-5-7-9_vs_3-6-8,0.7350828729281768,0.7245856353591159,0.7245856353591159,0.7245856353591159,yeast-0-2-5-7-9_vs_3-6-8,0.8240331491712707,0.8215469613259668,0.8281767955801105,0.8262430939226519,yeast-0-2-5-7-9_vs_3-6-8,0.8477900552486188,0.848342541436464,0.8425414364640884,0.843646408839779,yeast6,0.8064039408866995,0.8064039408866995,0.8064039408866995,0.8064039408866995,yeast-0-2-5-7-9_vs_3-6-8,0.8140883977900553,0.8174033149171271,0.8165745856353591,0.8223756906077349,yeast-0-2-5-7-9_vs_3-6-8,0.8146408839779005,0.8323204419889503,0.8060773480662984,0.8060773480662984
14,ecoli-0-2-6-7_vs_3-5,0.95,0.95,0.95,0.95,ecoli-0-2-6-7_vs_3-5,0.98,0.975,0.98,0.98,ecoli-0-2-6-7_vs_3-5,0.99,0.99,0.99,0.99,yeast4,0.7593769866497141,0.7593769866497141,0.7593769866497141,0.7593769866497141,ecoli-0-2-6-7_vs_3-5,0.88,0.935,0.965,0.97,ecoli-0-2-6-7_vs_3-5,0.97,0.985,0.985,0.985
15,ecoli-0-3-4-7_vs_5-6,0.8,0.8085106382978724,0.8170212765957447,0.8085106382978724,ecoli-0-3-4-7_vs_5-6,0.9106382978723404,0.9191489361702128,0.9191489361702128,0.9148936170212766,ecoli-0-3-4-7_vs_5-6,0.9234042553191488,0.9191489361702128,0.9191489361702128,0.9191489361702128,zoo-3,0.7,0.7,0.7,0.7,ecoli-0-3-4-7_vs_5-6,0.8723404255319149,0.8723404255319149,0.8936170212765957,0.8680851063829786,ecoli-0-3-4-7_vs_5-6,0.8808510638297872,0.8851063829787233,0.9106382978723404,0.9106382978723404
16,vehicle0,0.7207692307692307,0.7190384615384615,0.7194230769230769,0.7167307692307692,vehicle0,0.8680769230769231,0.8701923076923077,0.8674999999999999,0.8663461538461539,vehicle0,0.8284615384615385,0.8290384615384615,0.83,0.8284615384615385,yeast-0-5-6-7-9_vs_4,0.5923444976076555,0.5923444976076555,0.5923444976076555,0.5923444976076555,vehicle0,0.6957692307692307,0.7230769230769231,0.6488461538461539,0.6826923076923077,vehicle0,0.6934615384615385,0.5196153846153846,0.5282692307692307,0.5282692307692307
17,ecoli-0-1-3-7_vs_2-6,0.7181818181818183,0.7272727272727273,0.7090909090909091,0.7090909090909091,ecoli-0-1-3-7_vs_2-6,0.990909090909091,0.990909090909091,0.990909090909091,0.990909090909091,ecoli-0-1-3-7_vs_2-6,0.990909090909091,0.990909090909091,0.990909090909091,0.990909090909091,new-thyroid1,0.9166666666666666,0.9166666666666666,0.9166666666666666,0.9166666666666666,ecoli-0-1-3-7_vs_2-6,0.9727272727272728,0.9545454545454546,0.9727272727272728,0.9727272727272728,ecoli-0-1-3-7_vs_2-6,0.9545454545454546,0.9818181818181818,0.990909090909091,0.990909090909091
18,kr-vs-k-zero_vs_eight,0.6398601398601398,0.7185314685314685,0.5827505827505828,0.6451048951048951,kr-vs-k-zero_vs_eight,0.972027972027972,0.9743589743589745,0.9737762237762236,0.9714452214452214,kr-vs-k-zero_vs_eight,0.9726107226107226,0.9746503496503496,0.9731934731934732,0.9737762237762236,car-good,0.9100688468158348,0.9100688468158348,0.9100688468158348,0.9100688468158348,kr-vs-k-zero_vs_eight,0.7692307692307693,0.7488344988344988,0.7674825174825175,0.6206293706293706,kr-vs-k-zero_vs_eight,0.5565268065268065,0.7482517482517482,0.7768065268065268,0.7768065268065268
19,winequality-red-4,0.5934098264195352,0.5972344807296264,0.597822889085025,0.5881141512209473,winequality-red-4,0.6287143277434539,0.6084142394822006,0.6160635481023831,0.6140041188584878,winequality-red-4,0.6151809355692851,0.5989997057958223,0.6231244483671668,0.6160635481023831,winequality-red-4,0.5228008237716976,0.5113268608414239,0.5113268608414239,0.5113268608414239,winequality-red-4,0.5522212415416299,0.5175051485731097,0.5407472786113563,0.5407472786113563,winequality-red-4,0.6240070609002648,0.5483965872315386,0.5354516034127685,0.5354516034127685
20,ecoli-0-1-4-6_vs_5,0.6057692307692308,0.6346153846153846,0.6201923076923077,0.6298076923076923,ecoli-0-1-4-6_vs_5,0.9278846153846154,0.9230769230769232,0.9182692307692308,0.9182692307692308,ecoli-0-1-4-6_vs_5,0.9278846153846154,0.9230769230769232,0.9326923076923076,0.9423076923076924,poker-9_vs_7,0.9680851063829788,0.9680851063829788,0.9680851063829788,0.9680851063829788,ecoli-0-1-4-6_vs_5,0.9182692307692308,0.908653846153846,0.908653846153846,0.8894230769230769,ecoli-0-1-4-6_vs_5,0.8942307692307692,0.8990384615384615,0.908653846153846,0.908653846153846
21,vowel0,0.9330246913580248,0.9333333333333332,0.9330246913580248,0.932716049382716,vowel0,0.9993827160493828,0.9996913580246912,0.9993827160493828,0.9993827160493828,vowel0,1.0,0.9996913580246912,1.0,1.0,yeast-2_vs_4,0.9456521739130436,0.9456521739130436,0.9456521739130436,0.9456521739130436,vowel0,0.9743827160493828,0.9867283950617284,0.9570987654320988,0.9685185185185186,vowel0,0.8228395061728395,0.987037037037037,0.9888888888888888,0.9888888888888888
22,poker-8-9_vs_5,0.7585365853658537,0.7546341463414634,0.755609756097561,0.755609756097561,poker-8-9_vs_5,0.7392682926829268,0.7434146341463415,0.7190243902439024,0.7209756097560975,poker-8-9_vs_5,0.7170731707317073,0.7195121951219512,0.6960975609756097,0.7190243902439024,abalone-20_vs_8-9-10,0.8778659611992945,0.8774250440917107,0.8774250440917107,0.8774250440917107,poker-8-9_vs_5,0.5478048780487805,0.5258536585365854,0.5107317073170732,0.6234146341463415,poker-8-9_vs_5,0.5790243902439025,0.5717073170731707,0.5697560975609756,0.5697560975609756
23,winequality-red-8_vs_6,0.51171875,0.517578125,0.51171875,0.51953125,winequality-red-8_vs_6,0.818359375,0.83203125,0.830078125,0.82421875,winequality-red-8_vs_6,0.833984375,0.841796875,0.833984375,0.833984375,segment0,0.7304101622283441,0.7308310376492195,0.7304101622283441,0.7304101622283441,winequality-red-8_vs_6,0.744140625,0.69921875,0.720703125,0.740234375,winequality-red-8_vs_6,0.64453125,0.71875,0.70703125,0.70703125
24,yeast-2_vs_8,0.7338709677419355,0.7365591397849462,0.739247311827957,0.739247311827957,yeast-2_vs_8,0.6612903225806451,0.6639784946236559,0.6639784946236559,0.6639784946236559,yeast-2_vs_8,0.6693548387096774,0.6639784946236559,0.6586021505376344,0.6586021505376344,ecoli-0-4-6_vs_5,0.972972972972973,0.972972972972973,0.972972972972973,0.972972972972973,yeast-2_vs_8,0.5940860215053764,0.6048387096774194,0.5779569892473119,0.6155913978494624,yeast-2_vs_8,0.5779569892473119,0.5833333333333334,0.6344086021505376,0.6344086021505376
25,glass-0-1-2-3_vs_4-5-6,0.6818181818181818,0.6704545454545454,0.6732954545454545,0.6789772727272727,glass-0-1-2-3_vs_4-5-6,0.9517045454545454,0.953125,0.953125,0.953125,glass-0-1-2-3_vs_4-5-6,0.9517045454545454,0.9460227272727272,0.9460227272727272,0.9517045454545454,ecoli4,0.91796875,0.91796875,0.91796875,0.91796875,glass-0-1-2-3_vs_4-5-6,0.9403409090909092,0.9346590909090908,0.9289772727272728,0.9375,glass-0-1-2-3_vs_4-5-6,0.8892045454545454,0.9346590909090908,0.9389204545454546,0.9389204545454546
26,abalone-3_vs_11,1.0,1.0,1.0,1.0,abalone-3_vs_11,1.0,1.0,1.0,1.0,abalone-3_vs_11,1.0,1.0,1.0,1.0,yeast-1-2-8-9_vs_7,0.5579710144927537,0.5570652173913043,0.5570652173913043,0.5570652173913043,abalone-3_vs_11,1.0,1.0,1.0,1.0,abalone-3_vs_11,0.9897959183673468,1.0,1.0,1.0
27,ecoli1,0.7259615384615385,0.6911057692307692,0.7067307692307692,0.7103365384615384,ecoli1,0.7427884615384616,0.7403846153846154,0.7451923076923077,0.7439903846153846,ecoli1,0.7463942307692307,0.7536057692307693,0.7512019230769231,0.7427884615384616,abalone9-18,0.925925925925926,0.9267310789049921,0.9267310789049921,0.9267310789049921,ecoli1,0.8197115384615384,0.8353365384615384,0.8257211538461539,0.8305288461538461,ecoli1,0.7728365384615384,0.7391826923076923,0.7475961538461539,0.7475961538461539
28,abalone-17_vs_7-8-9-10,0.5714546783625731,0.5625,0.569078947368421,0.5639619883040936,abalone-17_vs_7-8-9-10,0.8466739766081871,0.8503289473684209,0.8609283625730995,0.8543494152046783,abalone-17_vs_7-8-9-10,0.8525219298245614,0.8565423976608186,0.8567251461988303,0.8616593567251463,abalone-3_vs_11,1.0,1.0,1.0,1.0,abalone-17_vs_7-8-9-10,0.7097953216374269,0.7715643274853801,0.6838450292397661,0.7492690058479532,abalone-17_vs_7-8-9-10,0.5531798245614035,0.5217470760233918,0.7085160818713451,0.7085160818713451
29,abalone19,0.5319662243667069,0.5321672698029755,0.5327704061117813,0.5361881785283474,abalone19,0.6085645355850422,0.6324889425010052,0.6250502613590672,0.6419380780056293,abalone19,0.6558102131081625,0.6421391234418978,0.6471652593486128,0.6453558504221955,abalone-19_vs_10-11-12-13,0.6163522012578616,0.6159029649595686,0.6176999101527403,0.6176999101527403,abalone19,0.6789304382790511,0.7239646160032167,0.7338158423803779,0.6501809408926418,abalone19,0.7895054282267792,0.7416566143948533,0.6813429835142742,0.6813429835142742
30,vehicle3,0.6863211865958615,0.6883354696941952,0.6863211865958616,0.6883354696941952,vehicle3,0.643288774949643,0.6478666910822194,0.6528108405054021,0.6471342245010071,vehicle3,0.665445889031313,0.6661783556125251,0.6703900384544955,0.6746017212964659,glass6,0.9684684684684686,0.9684684684684686,0.9684684684684686,0.9684684684684686,vehicle3,0.6328511261673686,0.6647134224501008,0.6473173411463102,0.6573887566379784,vehicle3,0.6178355612525179,0.5909174143929683,0.5799304156747849,0.5799304156747849
31,glass-0-1-6_vs_5,0.8857142857142857,0.8857142857142857,0.8857142857142857,0.8857142857142857,glass-0-1-6_vs_5,0.9571428571428572,0.9571428571428572,0.9571428571428572,0.9571428571428572,glass-0-1-6_vs_5,0.9285714285714286,0.9285714285714286,0.9285714285714286,0.9285714285714286,yeast-2_vs_8,0.6559139784946236,0.6559139784946236,0.6559139784946236,0.6559139784946236,glass-0-1-6_vs_5,0.8142857142857143,0.8142857142857143,0.8,0.8142857142857143,glass-0-1-6_vs_5,0.7,0.5142857142857142,0.7428571428571429,0.7428571428571429
32,yeast-0-3-5-9_vs_7-8,0.5097826086956522,0.5141304347826087,0.5152173913043478,0.5097826086956523,yeast-0-3-5-9_vs_7-8,0.6706521739130434,0.6684782608695652,0.6739130434782609,0.6652173913043478,yeast-0-3-5-9_vs_7-8,0.6771739130434782,0.6663043478260869,0.6684782608695652,0.6760869565217391,ecoli-0-6-7_vs_5,0.80625,0.80625,0.80625,0.80625,yeast-0-3-5-9_vs_7-8,0.5695652173913043,0.5717391304347826,0.5913043478260869,0.592391304347826,yeast-0-3-5-9_vs_7-8,0.6032608695652174,0.5880434782608696,0.6021739130434782,0.6021739130434782
33,yeast3,0.8968089990817264,0.8964646464646465,0.8997933884297521,0.8958907254361801,yeast3,0.7028236914600551,0.7064967860422405,0.7053489439853076,0.7022497704315886,yeast3,0.7174012855831038,0.7192378328741966,0.7165977961432507,0.7182047750229569,poker-8_vs_6,0.7226027397260274,0.7226027397260274,0.7226027397260274,0.7226027397260274,yeast3,0.6654040404040404,0.6921487603305785,0.6023875114784205,0.5782828282828283,yeast3,0.5634756657483929,0.6088154269972452,0.7005280073461891,0.7005280073461891
34,iris0,0.95,0.945,0.945,0.945,iris0,1.0,1.0,1.0,1.0,iris0,1.0,1.0,1.0,1.0,ecoli-0-1_vs_5,0.8693181818181819,0.8693181818181819,0.8693181818181819,0.8693181818181819,iris0,0.95,0.975,0.96,0.98,iris0,1.0,1.0,1.0,1.0
35,abalone-20_vs_8-9-10,0.509700176366843,0.5070546737213404,0.5123456790123457,0.5145502645502645,abalone-20_vs_8-9-10,0.8597883597883598,0.8611111111111112,0.8562610229276897,0.8549382716049383,abalone-20_vs_8-9-10,0.8580246913580247,0.8553791887125219,0.8571428571428571,0.8492063492063492,glass-0-1-2-3_vs_4-5-6,0.931818181818182,0.911931818181818,0.911931818181818,0.911931818181818,abalone-20_vs_8-9-10,0.6053791887125219,0.6710758377425043,0.6327160493827161,0.712962962962963,abalone-20_vs_8-9-10,0.5022045855379189,0.5251322751322751,0.777336860670194,0.777336860670194
36,car-good,0.5,0.5,0.5,0.5,car-good,0.5357142857142857,0.5315189328743546,0.5357142857142857,0.534315834767642,car-good,0.5313037865748709,0.5060240963855422,0.5045180722891567,0.5060240963855422,vehicle0,0.8638461538461538,0.8630769230769231,0.8638461538461538,0.8638461538461538,car-good,0.5884251290877797,0.7409638554216867,0.6166092943201377,0.8024956970740104,car-good,0.8259466437177281,0.8259466437177281,0.8377796901893287,0.8377796901893287
37,poker-9_vs_7,0.7021276595744681,0.6808510638297872,0.6914893617021276,0.6914893617021276,poker-9_vs_7,0.9893617021276596,0.9893617021276596,0.9893617021276596,0.9893617021276596,poker-9_vs_7,1.0,1.0,1.0,1.0,ecoli-0-2-6-7_vs_3-5,0.975,0.975,0.975,0.975,poker-9_vs_7,0.8085106382978724,0.851063829787234,0.851063829787234,0.9148936170212768,poker-9_vs_7,0.9255319148936171,0.7553191489361701,0.8297872340425532,0.8297872340425532
38,yeast-1-4-5-8_vs_7,0.7017543859649122,0.6992481203007519,0.7067669172932329,0.6967418546365916,yeast-1-4-5-8_vs_7,0.6842105263157895,0.6904761904761905,0.6842105263157895,0.7030075187969925,yeast-1-4-5-8_vs_7,0.6528822055137845,0.6516290726817043,0.6491228070175439,0.6478696741854637,glass2,0.5833333333333334,0.5512820512820513,0.5512820512820512,0.5512820512820512,yeast-1-4-5-8_vs_7,0.7819548872180451,0.7167919799498748,0.7167919799498748,0.7681704260651631,yeast-1-4-5-8_vs_7,0.6616541353383459,0.6917293233082707,0.6729323308270677,0.6729323308270677
39,flare-F,0.7382113821138211,0.7425474254742548,0.7420054200542006,0.7327913279132792,flare-F,0.8216802168021681,0.8303523035230352,0.8249322493224932,0.8227642276422764,flare-F,0.8124661246612466,0.8135501355013549,0.8233062330623306,0.8216802168021681,iris0,1.0,1.0,1.0,1.0,flare-F,0.8682926829268293,0.851490514905149,0.8661246612466125,0.9035230352303524,flare-F,0.9067750677506776,0.8764227642276423,0.9121951219512195,0.9121951219512195
40,winequality-red-3_vs_5,0.5401459854014599,0.5401459854014599,0.5401459854014599,0.5401459854014599,winequality-red-3_vs_5,0.8722627737226277,0.8795620437956204,0.8832116788321167,0.8795620437956204,winequality-red-3_vs_5,0.8540145985401459,0.8686131386861313,0.8613138686131387,0.8613138686131387,glass-0-1-4-6_vs_2,0.5945945945945945,0.5202702702702703,0.5202702702702703,0.5202702702702703,winequality-red-3_vs_5,0.8832116788321167,0.8686131386861313,0.7992700729927007,0.8357664233576643,winequality-red-3_vs_5,0.7080291970802919,0.7810218978102191,0.8102189781021898,0.8102189781021898
41,yeast-0-5-6-7-9_vs_4,0.7148325358851675,0.7320574162679426,0.737799043062201,0.737799043062201,yeast-0-5-6-7-9_vs_4,0.5454545454545454,0.5454545454545454,0.5502392344497608,0.5425837320574163,yeast-0-5-6-7-9_vs_4,0.5588516746411483,0.5550239234449761,0.5320574162679426,0.5397129186602871,winequality-white-3-9_vs_5,0.6815068493150684,0.6705479452054794,0.6712328767123288,0.6712328767123288,yeast-0-5-6-7-9_vs_4,0.5473684210526316,0.5502392344497609,0.5043062200956938,0.5234449760765549,yeast-0-5-6-7-9_vs_4,0.5454545454545454,0.5397129186602871,0.55311004784689,0.55311004784689
42,shuttle-6_vs_2-3,1.0,1.0,1.0,1.0,shuttle-6_vs_2-3,1.0,1.0,1.0,1.0,shuttle-6_vs_2-3,1.0,1.0,1.0,1.0,ecoli-0-3-4-7_vs_5-6,0.8851063829787233,0.8851063829787233,0.8851063829787233,0.8851063829787233,shuttle-6_vs_2-3,0.943181818181818,0.931818181818182,0.9545454545454546,0.8977272727272727,shuttle-6_vs_2-3,1.0,1.0,1.0,1.0
43,glass-0-1-4-6_vs_2,0.5743243243243243,0.6216216216216216,0.5135135135135135,0.5743243243243243,glass-0-1-4-6_vs_2,0.5675675675675675,0.5472972972972974,0.5472972972972974,0.5405405405405406,glass-0-1-4-6_vs_2,0.5810810810810811,0.5743243243243243,0.5810810810810811,0.5743243243243243,glass0,0.6083743842364532,0.6182266009852218,0.6182266009852218,0.6182266009852218,glass-0-1-4-6_vs_2,0.6418918918918919,0.6621621621621622,0.6824324324324325,0.6351351351351351,glass-0-1-4-6_vs_2,0.7702702702702703,0.7635135135135136,0.7770270270270271,0.7770270270270271
44,abalone-19_vs_10-11-12-13,0.6469002695417789,0.6442048517520216,0.6410601976639713,0.6460017969451932,abalone-19_vs_10-11-12-13,0.5498652291105122,0.5471698113207547,0.5485175202156334,0.5516621743036838,abalone-19_vs_10-11-12-13,0.5799640610961365,0.5835579514824798,0.58670260557053,0.5826594788858941,vehicle1,0.5615079365079365,0.5615079365079365,0.5613275613275612,0.5613275613275612,abalone-19_vs_10-11-12-13,0.6477987421383649,0.6208445642407907,0.6208445642407907,0.6298292902066487,abalone-19_vs_10-11-12-13,0.6329739442946991,0.6563342318059299,0.5592991913746631,0.5592991913746631
45,shuttle-c0-vs-c4,0.9970760233918128,0.9970760233918128,0.9970760233918128,0.9968323586744641,shuttle-c0-vs-c4,0.99713693957115,0.99713693957115,0.99713693957115,0.99713693957115,shuttle-c0-vs-c4,0.9970760233918128,0.9970760233918128,0.9970760233918128,0.9970760233918128,page-blocks-1-3_vs_4,0.7940074906367041,0.7940074906367041,0.7940074906367041,0.7940074906367041,shuttle-c0-vs-c4,1.0,1.0,0.9996345029239766,1.0,shuttle-c0-vs-c4,0.9926291423001948,0.9970760233918128,0.99713693957115,0.99713693957115
46,vehicle1,0.6737012987012987,0.6727994227994231,0.6727994227994228,0.6733405483405485,vehicle1,0.6405122655122655,0.6322150072150072,0.6435786435786436,0.6392496392496393,vehicle1,0.6486291486291487,0.652056277056277,0.6538600288600289,0.6551226551226551,vehicle2,0.7552308802308803,0.7555916305916306,0.755050505050505,0.755050505050505,vehicle1,0.6446608946608947,0.6432178932178931,0.624098124098124,0.6533189033189033,vehicle1,0.6046176046176046,0.5826118326118326,0.5533910533910534,0.5533910533910534
47,yeast-2_vs_4,0.8023715415019764,0.8023715415019764,0.7934782608695652,0.8003952569169961,yeast-2_vs_4,0.9407114624505928,0.9446640316205532,0.9446640316205532,0.9436758893280632,yeast-2_vs_4,0.9466403162055336,0.9456521739130436,0.9456521739130436,0.9436758893280632,yeast-1-4-5-8_vs_7,0.6967418546365916,0.6967418546365916,0.6967418546365916,0.6967418546365916,yeast-2_vs_4,0.9713438735177866,0.9762845849802372,0.9792490118577076,0.9772727272727272,yeast-2_vs_4,0.9515810276679842,0.9713438735177864,0.9683794466403164,0.9683794466403164
48,glass5,0.5609756097560976,0.5609756097560976,0.5609756097560976,0.5609756097560976,glass5,0.975609756097561,0.975609756097561,0.975609756097561,0.975609756097561,glass5,0.975609756097561,0.975609756097561,0.975609756097561,0.975609756097561,shuttle-6_vs_2-3,1.0,1.0,1.0,1.0,glass5,0.8658536585365854,0.8536585365853658,0.8902439024390244,0.8414634146341464,glass5,0.8292682926829269,0.8414634146341464,0.8414634146341464,0.8414634146341464
49,habermanImb,0.7673202614379085,0.7647058823529411,0.7620915032679739,0.7424836601307191,habermanImb,0.7006535947712418,0.6901960784313725,0.6993464052287581,0.6954248366013072,habermanImb,0.7071895424836601,0.7111111111111111,0.7163398692810458,0.7137254901960784,shuttle-2_vs_5,0.9946483180428134,0.9946483180428134,0.9946483180428134,0.9946483180428134,habermanImb,0.6457516339869279,0.6392156862745098,0.6457516339869279,0.6248366013071895,habermanImb,0.5738562091503269,0.5673202614379085,0.611764705882353,0.611764705882353
50,yeast-1-2-8-9_vs_7,0.7626811594202898,0.7581521739130435,0.7572463768115942,0.7590579710144927,yeast-1-2-8-9_vs_7,0.6168478260869565,0.6304347826086957,0.6286231884057971,0.6259057971014493,yeast-1-2-8-9_vs_7,0.5878623188405797,0.5905797101449276,0.582427536231884,0.5815217391304348,glass-0-1-6_vs_2,0.5571428571428572,0.6357142857142857,0.6357142857142857,0.6357142857142857,yeast-1-2-8-9_vs_7,0.5480072463768115,0.5226449275362319,0.5416666666666666,0.5407608695652174,yeast-1-2-8-9_vs_7,0.552536231884058,0.5597826086956522,0.556159420289855,0.556159420289855
51,glass2,0.6153846153846154,0.5961538461538461,0.6153846153846154,0.6153846153846154,glass2,0.5705128205128205,0.5641025641025641,0.5641025641025641,0.5641025641025641,glass2,0.5192307692307692,0.5384615384615384,0.5192307692307692,0.532051282051282,new-thyroid2,0.992063492063492,0.992063492063492,0.992063492063492,0.992063492063492,glass2,0.6987179487179487,0.7179487179487181,0.6987179487179487,0.7692307692307692,glass2,0.75,0.8012820512820513,0.8076923076923077,0.8076923076923077
52,kr-vs-k-three_vs_eleven,0.5675438596491228,0.5289473684210526,0.5192982456140351,0.5140350877192983,kr-vs-k-three_vs_eleven,0.9631062951496387,0.9628998968008255,0.9618679050567596,0.9621775025799794,kr-vs-k-three_vs_eleven,0.9572755417956657,0.9574819401444788,0.9592363261093912,0.9581011351909184,page-blocks0,0.9532589739863392,0.9532862229327131,0.9532589739863392,0.9532589739863392,kr-vs-k-three_vs_eleven,0.7271413828689369,0.7691434468524252,0.8240454076367391,0.7669762641898865,kr-vs-k-three_vs_eleven,0.8874097007223942,0.8375644994840041,0.8111455108359134,0.8111455108359134
53,glass4,0.9416666666666668,0.95,0.9416666666666668,0.9666666666666668,glass4,0.875,0.875,0.875,0.875,glass4,0.8583333333333334,0.8666666666666667,0.8666666666666667,0.8666666666666667,vowel0,0.962037037037037,0.962037037037037,0.962037037037037,0.962037037037037,glass4,0.7916666666666667,0.7916666666666666,0.7749999999999999,0.7833333333333334,glass4,0.6666666666666667,0.7083333333333333,0.8083333333333333,0.8083333333333333
54,ecoli-0_vs_1,0.9632183908045976,0.9655172413793104,0.9655172413793104,0.9701149425287356,ecoli-0_vs_1,0.9149425287356322,0.928735632183908,0.9379310344827586,0.935632183908046,ecoli-0_vs_1,0.928735632183908,0.9333333333333332,0.942528735632184,0.9402298850574712,kr-vs-k-zero-one_vs_draw,0.9818877551020408,0.9818877551020408,0.9818877551020408,0.9818877551020408,ecoli-0_vs_1,0.9655172413793104,0.960919540229885,0.9517241379310344,0.993103448275862,ecoli-0_vs_1,0.960919540229885,0.9701149425287356,0.9793103448275862,0.9793103448275862
55,page-blocks-1-3_vs_4,0.6853932584269663,0.6910112359550562,0.6853932584269663,0.6872659176029963,page-blocks-1-3_vs_4,0.9606741573033708,0.9588014981273408,0.9569288389513108,0.9606741573033708,page-blocks-1-3_vs_4,0.9419475655430712,0.9400749063670412,0.9456928838951312,0.9456928838951312,winequality-red-3_vs_5,0.9051094890510948,0.9124087591240876,0.9124087591240876,0.9124087591240876,page-blocks-1-3_vs_4,0.8876404494382022,0.8913857677902621,0.8951310861423221,0.9082397003745318,page-blocks-1-3_vs_4,0.6367041198501873,0.5842696629213483,0.6348314606741573,0.6348314606741573
56,cleveland-0_vs_4,0.59375,0.5833333333333334,0.5729166666666667,0.59375,cleveland-0_vs_4,0.9895833333333334,0.9583333333333334,0.9583333333333334,0.9583333333333334,cleveland-0_vs_4,0.9895833333333334,0.9895833333333334,0.9895833333333334,0.9895833333333334,shuttle-c0-vs-c4,0.9970760233918128,0.9970760233918128,0.9970760233918128,0.9970760233918128,cleveland-0_vs_4,0.9895833333333334,0.9895833333333334,0.9895833333333334,0.9791666666666666,cleveland-0_vs_4,0.625,0.9791666666666666,0.9791666666666666,0.9791666666666666
57,vehicle2,0.5800865800865799,0.5797258297258298,0.5786435786435786,0.5768398268398268,vehicle2,0.8547979797979798,0.8537157287157287,0.8569624819624819,0.8540764790764791,vehicle2,0.8088023088023089,0.8154761904761905,0.8084415584415584,0.8042929292929293,glass-0-4_vs_5,0.8235294117647058,0.7941176470588235,0.7941176470588235,0.7941176470588235,vehicle2,0.6213924963924964,0.6697330447330447,0.6538600288600288,0.675865800865801,vehicle2,0.5560966810966811,0.5149711399711401,0.6351010101010102,0.6351010101010102
58,ecoli-0-1-4-7_vs_2-3-5-6,0.6102150537634409,0.5967741935483871,0.6075268817204301,0.6075268817204301,ecoli-0-1-4-7_vs_2-3-5-6,0.8602150537634409,0.8494623655913979,0.8467741935483871,0.8467741935483871,ecoli-0-1-4-7_vs_2-3-5-6,0.8494623655913979,0.8413978494623656,0.8467741935483871,0.8494623655913979,glass-0-6_vs_5,0.675,0.65,0.65,0.65,ecoli-0-1-4-7_vs_2-3-5-6,0.7956989247311828,0.8198924731182796,0.8333333333333334,0.8252688172043009,ecoli-0-1-4-7_vs_2-3-5-6,0.7715053763440859,0.7876344086021505,0.8413978494623656,0.8413978494623656
59,ecoli4,0.59375,0.5703125,0.5703125,0.5546875,ecoli4,0.8984375,0.890625,0.90234375,0.88671875,ecoli4,0.921875,0.91015625,0.9296875,0.9375,glass1,0.5231481481481481,0.5162037037037037,0.5162037037037037,0.5162037037037037,ecoli4,0.88671875,0.8125,0.90625,0.92578125,ecoli4,0.90234375,0.87109375,0.953125,0.953125
60,pimaImb,0.6468518518518518,0.6462962962962964,0.6522222222222223,0.6561111111111111,pimaImb,0.7512962962962962,0.752962962962963,0.7522222222222222,0.7505555555555555,pimaImb,0.765,0.7605555555555555,0.7607407407407407,0.7618518518518519,winequality-red-8_vs_6,0.775390625,0.771484375,0.771484375,0.771484375,pimaImb,0.7462962962962962,0.7440740740740741,0.7520370370370371,0.7344444444444445,pimaImb,0.7568518518518519,0.7051851851851851,0.7288888888888889,0.7288888888888889
61,abalone-21_vs_8,0.6140350877192983,0.6228070175438597,0.6257309941520468,0.6169590643274854,abalone-21_vs_8,0.9970760233918128,0.9970760233918128,0.9941520467836256,0.9941520467836256,abalone-21_vs_8,1.0,0.9941520467836256,0.9941520467836256,0.9970760233918128,abalone-21_vs_8,0.9941520467836256,0.9941520467836256,0.9941520467836256,0.9941520467836256,abalone-21_vs_8,0.9298245614035088,0.9385964912280702,0.9269005847953216,0.9473684210526316,abalone-21_vs_8,0.8742690058479532,0.935672514619883,0.9766081871345028,0.9766081871345028
62,shuttle-c2-vs-c4,0.5416666666666667,0.6458333333333333,0.6041666666666667,0.5416666666666667,shuttle-c2-vs-c4,1.0,1.0,1.0,1.0,shuttle-c2-vs-c4,1.0,1.0,1.0,1.0,shuttle-c2-vs-c4,1.0,1.0,1.0,1.0,shuttle-c2-vs-c4,0.9166666666666669,1.0,0.9375,0.9583333333333334,shuttle-c2-vs-c4,0.8541666666666667,1.0,1.0,1.0
63,yeast1,0.5882839193210625,0.5879532679378376,0.5871266394797752,0.5881737021933209,yeast1,0.6041000771519893,0.6054226826848892,0.6063044197068224,0.6056431169403724,yeast1,0.5894411991623498,0.5865755538410669,0.5839854513391379,0.5858591425107462,cleveland-0_vs_4,1.0,1.0,1.0,1.0,yeast1,0.5535655240824424,0.5263970020941255,0.5556045409456629,0.5348837209302326,yeast1,0.5093684558580404,0.5172489804915683,0.5475035820566516,0.5475035820566516
64,winequality-white-3_vs_7,0.8238636363636364,0.8196022727272727,0.8224431818181819,0.8125,winequality-white-3_vs_7,0.990056818181818,0.990056818181818,0.990056818181818,0.990056818181818,winequality-white-3_vs_7,0.9914772727272728,0.9914772727272728,0.9914772727272728,0.9914772727272728,yeast-0-3-5-9_vs_7-8,0.5804347826086956,0.5804347826086956,0.5804347826086956,0.5804347826086956,winequality-white-3_vs_7,0.978693181818182,0.958806818181818,0.8963068181818181,0.96875,winequality-white-3_vs_7,0.9701704545454546,0.9815340909090908,0.9801136363636364,0.9801136363636364
65,ecoli2,0.6602870813397129,0.6507177033492823,0.6778309409888357,0.6283891547049442,ecoli2,0.7942583732057417,0.8038277511961722,0.8022328548644339,0.7926634768740032,ecoli2,0.7830940988835726,0.7862838915470494,0.7767145135566188,0.7830940988835726,car-vgood,0.9914529914529916,0.9914529914529916,0.9914529914529916,0.9914529914529916,ecoli2,0.7113237639553429,0.7049441786283892,0.6634768740031898,0.6778309409888357,ecoli2,0.708133971291866,0.696969696969697,0.7607655502392344,0.7607655502392344
66,yeast4,0.8286713286713286,0.8289891926255563,0.8321678321678322,0.8280356007628734,yeast4,0.7110616656071201,0.7116973935155754,0.7107438016528926,0.7123331214240305,yeast4,0.7234583598219961,0.7212333121424029,0.7250476795931341,0.7212333121424029,ecoli2,0.7384370015948963,0.7384370015948963,0.7384370015948963,0.7384370015948963,yeast4,0.7574698029243484,0.7317228226319135,0.7457088366179275,0.7393515575333758,yeast4,0.7762237762237763,0.78099173553719,0.7523839796567069,0.7523839796567069
67,yeast5,0.9116512345679012,0.9135802469135802,0.9124228395061728,0.910108024691358,yeast5,0.7901234567901234,0.7912808641975309,0.7955246913580247,0.7982253086419753,yeast5,0.8097993827160495,0.8028549382716049,0.8094135802469136,0.8032407407407407,habermanImb,0.5673202614379085,0.5673202614379085,0.5673202614379085,0.5673202614379085,yeast5,0.8850308641975309,0.8584104938271605,0.8780864197530864,0.9166666666666666,yeast5,0.8680555555555556,0.8896604938271605,0.8406635802469136,0.8406635802469136
68,poker-8_vs_6,1.0,1.0,1.0,1.0,poker-8_vs_6,0.9674657534246576,0.966609589041096,0.9674657534246576,0.9691780821917808,poker-8_vs_6,0.9460616438356164,0.9460616438356164,0.9460616438356164,0.9460616438356164,glass-0-1-5_vs_2,0.5483870967741935,0.5725806451612903,0.5725806451612903,0.5725806451612903,poker-8_vs_6,0.6275684931506849,0.6164383561643836,0.6506849315068493,0.6078767123287672,poker-8_vs_6,0.7328767123287672,0.7003424657534246,0.6309931506849316,0.6309931506849316
69,ecoli-0-6-7_vs_5,0.86875,0.86875,0.86875,0.8625,ecoli-0-6-7_vs_5,0.89375,0.90625,0.9,0.9,ecoli-0-6-7_vs_5,0.8875,0.88125,0.88125,0.89375,kr-vs-k-zero_vs_fifteen,1.0,1.0,1.0,1.0,ecoli-0-6-7_vs_5,0.81875,0.875,0.75625,0.6875,ecoli-0-6-7_vs_5,0.73125,0.7562500000000001,0.8062499999999999,0.8062499999999999
70,glass-0-1-6_vs_2,0.5571428571428572,0.5642857142857143,0.5642857142857143,0.5571428571428572,glass-0-1-6_vs_2,0.5071428571428571,0.5071428571428571,0.5071428571428571,0.5071428571428571,glass-0-1-6_vs_2,0.5071428571428571,0.5,0.5,0.5,ecoli-0-3-4_vs_5,0.9236111111111109,0.9236111111111109,0.9236111111111109,0.9236111111111109,glass-0-1-6_vs_2,0.6142857142857143,0.5285714285714286,0.5214285714285715,0.5285714285714286,glass-0-1-6_vs_2,0.8999999999999999,0.6785714285714285,0.6357142857142857,0.6357142857142857
71,kr-vs-k-zero_vs_fifteen,0.9457274826789838,0.945727482678984,0.945727482678984,0.945727482678984,kr-vs-k-zero_vs_fifteen,1.0,1.0,1.0,1.0,kr-vs-k-zero_vs_fifteen,1.0,1.0,1.0,1.0,vehicle3,0.6526277238600989,0.6528108405054021,0.6528108405054021,0.6528108405054021,kr-vs-k-zero_vs_fifteen,0.9006928406466513,0.8737490377213242,0.8329484218629715,0.9218629715165512,kr-vs-k-zero_vs_fifteen,0.9846035411855274,1.0,0.9611239414934564,0.9611239414934564
72,new-thyroid1,0.9523809523809524,0.9404761904761904,0.9404761904761904,0.9444444444444444,new-thyroid1,0.9365079365079364,0.9404761904761904,0.9365079365079364,0.9404761904761904,new-thyroid1,0.9484126984126984,0.9563492063492064,0.9484126984126984,0.9484126984126984,ecoli-0-1_vs_2-3-5,0.968181818181818,0.968181818181818,0.968181818181818,0.968181818181818,new-thyroid1,0.8690476190476191,0.8333333333333333,0.8650793650793651,0.8809523809523809,new-thyroid1,0.8174603174603174,0.8968253968253969,0.876984126984127,0.876984126984127
73,glass6,0.8063063063063063,0.7927927927927928,0.7927927927927928,0.8018018018018018,glass6,0.972972972972973,0.972972972972973,0.972972972972973,0.972972972972973,glass6,0.9639639639639641,0.9684684684684686,0.9684684684684686,0.9684684684684686,winequality-white-3_vs_7,0.9886363636363636,0.9872159090909092,0.9872159090909092,0.9872159090909092,glass6,0.9639639639639641,0.9594594594594597,0.954954954954955,0.9594594594594597,glass6,0.8963963963963963,0.936936936936937,0.9684684684684686,0.9684684684684686
74,page-blocks0,0.5823009010318267,0.6320211451823863,0.5809021217846243,0.6267439325679408,page-blocks0,0.8917581020200552,0.8902412440052319,0.8810220171486702,0.8881067432059293,page-blocks0,0.9248383229181804,0.9192068740008721,0.9108323644819069,0.9148016276703969,kr-vs-k-three_vs_eleven,0.8639834881320949,0.8639834881320949,0.8639834881320949,0.8639834881320949,page-blocks0,0.9190615462868768,0.9290528266240372,0.9218772707455312,0.922440415637262,page-blocks0,0.7269837232960326,0.9195701932858596,0.941087777939253,0.941087777939253
75,yeast-0-2-5-6_vs_3-7-8-9,0.7662983425414366,0.769889502762431,0.7679558011049723,0.769060773480663,yeast-0-2-5-6_vs_3-7-8-9,0.6994475138121548,0.7022099447513812,0.6988950276243094,0.7052486187845304,yeast-0-2-5-6_vs_3-7-8-9,0.7276243093922652,0.7259668508287294,0.7267955801104973,0.7237569060773481,flare-F,0.902439024390244,0.902439024390244,0.902439024390244,0.902439024390244,yeast-0-2-5-6_vs_3-7-8-9,0.7922651933701658,0.7651933701657458,0.8116022099447513,0.7917127071823205,yeast-0-2-5-6_vs_3-7-8-9,0.8077348066298342,0.8077348066298342,0.7839779005524862,0.7839779005524862
76,yeast-1_vs_7,0.7209302325581396,0.7151162790697675,0.7189922480620156,0.7054263565891473,yeast-1_vs_7,0.6337209302325582,0.6356589147286822,0.6414728682170543,0.6375968992248062,yeast-1_vs_7,0.622093023255814,0.6143410852713178,0.6182170542635659,0.6182170542635659,ecoli1,0.7584134615384616,0.7584134615384616,0.7584134615384616,0.7584134615384616,yeast-1_vs_7,0.6763565891472868,0.6472868217054264,0.562015503875969,0.6724806201550388,yeast-1_vs_7,0.7189922480620154,0.7383720930232558,0.7286821705426356,0.7286821705426356
77,glass0,0.6379310344827587,0.625615763546798,0.6379310344827587,0.6354679802955665,glass0,0.5689655172413793,0.5640394088669951,0.5640394088669951,0.5615763546798029,glass0,0.6108374384236452,0.6108374384236454,0.6182266009852218,0.6108374384236454,kr-vs-k-one_vs_fifteen,1.0,1.0,1.0,1.0,glass0,0.6502463054187192,0.6231527093596059,0.6995073891625616,0.6847290640394088,glass0,0.6699507389162562,0.6600985221674878,0.6945812807881773,0.6945812807881773
78,ecoli3,0.65807962529274,0.6861826697892272,0.6604215456674473,0.6744730679156908,ecoli3,0.6697892271662763,0.6908665105386418,0.6580796252927401,0.6627634660421546,ecoli3,0.6674473067915692,0.6674473067915692,0.6651053864168619,0.6768149882903982,glass5,0.8536585365853658,0.8536585365853658,0.8536585365853658,0.8536585365853658,ecoli3,0.7704918032786885,0.7728337236533958,0.7728337236533958,0.7798594847775175,ecoli3,0.7658079625292741,0.7540983606557377,0.7423887587822015,0.7423887587822015
79,kr-vs-k-one_vs_fifteen,0.9315098152424944,0.9367782909930716,0.9314376443418014,0.9314376443418014,kr-vs-k-one_vs_fifteen,1.0,1.0,1.0,1.0,kr-vs-k-one_vs_fifteen,1.0,1.0,1.0,1.0,ecoli-0-1-3-7_vs_2-6,0.990909090909091,0.990909090909091,0.990909090909091,0.990909090909091,kr-vs-k-one_vs_fifteen,0.915704387990762,0.9392321016166282,0.9074769053117784,0.799364896073903,kr-vs-k-one_vs_fifteen,0.90574480369515,0.9992782909930716,0.918879907621247,0.918879907621247
80,shuttle-2_vs_5,0.9978593272171252,0.998012232415902,0.9978593272171252,0.9978593272171252,shuttle-2_vs_5,0.9978593272171254,0.9978593272171254,0.9978593272171254,0.9978593272171254,shuttle-2_vs_5,0.9970948012232416,0.9970948012232416,0.9970948012232416,0.9970948012232416,glass-0-1-6_vs_5,0.7142857142857143,0.6714285714285715,0.6714285714285715,0.6714285714285715,shuttle-2_vs_5,0.9847094801223242,0.979051987767584,0.9937308868501528,0.9808868501529052,shuttle-2_vs_5,0.9584097859327216,0.9951070336391435,0.9938837920489296,0.9938837920489296
81,winequality-red-8_vs_6-7,0.5404191616766467,0.5404191616766467,0.5344311377245509,0.5344311377245511,winequality-red-8_vs_6-7,0.5958083832335329,0.6122754491017964,0.6167664670658682,0.6167664670658682,winequality-red-8_vs_6-7,0.687125748502994,0.6901197604790419,0.687125748502994,0.6781437125748503,poker-8-9_vs_5,0.535609756097561,0.535609756097561,0.535609756097561,0.535609756097561,winequality-red-8_vs_6-7,0.7095808383233533,0.7155688622754491,0.7110778443113772,0.7245508982035929,winequality-red-8_vs_6-7,0.6017964071856288,0.7200598802395209,0.7020958083832336,0.7020958083832336
82,yeast6,0.7497536945812808,0.7482758620689656,0.7334975369458128,0.7438423645320197,yeast6,0.6714285714285715,0.6655172413793103,0.6827586206896552,0.6625615763546798,yeast6,0.7423645320197044,0.7226600985221675,0.7266009852216749,0.7261083743842365,ecoli-0-1-4-7_vs_5-6,0.8064516129032259,0.8064516129032259,0.8064516129032259,0.8064516129032259,yeast6,0.8665024630541872,0.8561576354679803,0.8729064039408867,0.8448275862068966,yeast6,0.8571428571428571,0.8793103448275862,0.8339901477832512,0.8339901477832512
83,poker-8-9_vs_6,0.7575342465753424,0.7582191780821917,0.7575342465753425,0.7595890410958904,poker-8-9_vs_6,0.9691780821917808,0.9643835616438357,0.9705479452054796,0.9705479452054796,poker-8-9_vs_6,0.9410958904109588,0.9417808219178082,0.9410958904109588,0.9431506849315068,led7digit-0-2-4-5-6-7-8-9_vs_1,0.9251543209876544,0.9251543209876544,0.9251543209876544,0.9251543209876544,poker-8-9_vs_6,0.6499999999999999,0.6602739726027397,0.7,0.6616438356164384,poker-8-9_vs_6,0.5294520547945205,0.6547945205479452,0.6417808219178082,0.6417808219178082
84,kr-vs-k-zero-one_vs_draw,0.5,0.5,0.5071428571428571,0.5238095238095238,kr-vs-k-zero-one_vs_draw,0.9874149659863946,0.9851190476190476,0.9900510204081632,0.988095238095238,kr-vs-k-zero-one_vs_draw,0.9888605442176872,0.9881802721088436,0.9851190476190476,0.986734693877551,yeast-0-2-5-6_vs_3-7-8-9,0.7657458563535912,0.7657458563535912,0.7657458563535912,0.7657458563535912,kr-vs-k-zero-one_vs_draw,0.8318877551020408,0.6923469387755101,0.7363945578231292,0.8502551020408163,kr-vs-k-zero-one_vs_draw,0.7804421768707483,0.8164115646258503,0.8967687074829932,0.8967687074829932
85,led7digit-0-2-4-5-6-7-8-9_vs_1,0.9320987654320988,0.925925925925926,0.9320987654320988,0.9320987654320988,led7digit-0-2-4-5-6-7-8-9_vs_1,0.7384259259259259,0.7314814814814815,0.7430555555555556,0.7430555555555556,led7digit-0-2-4-5-6-7-8-9_vs_1,0.7337962962962963,0.7415123456790124,0.7222222222222222,0.7191358024691359,yeast3,0.7410468319559229,0.7410468319559229,0.7410468319559229,0.7410468319559229,led7digit-0-2-4-5-6-7-8-9_vs_1,0.8819444444444444,0.8773148148148148,0.8912037037037037,0.8819444444444444,led7digit-0-2-4-5-6-7-8-9_vs_1,0.9513888888888888,0.9513888888888888,0.9483024691358024,0.9483024691358024
86,glass-0-1-5_vs_2,0.8225806451612903,0.782258064516129,0.7983870967741935,0.8064516129032258,glass-0-1-5_vs_2,0.5887096774193548,0.5645161290322579,0.5806451612903225,0.5887096774193549,glass-0-1-5_vs_2,0.5564516129032258,0.5645161290322579,0.5645161290322579,0.5645161290322579,ecoli-0-3-4-6_vs_5,0.9121621621621622,0.9121621621621622,0.9121621621621622,0.9121621621621622,glass-0-1-5_vs_2,0.5645161290322579,0.5564516129032258,0.5483870967741935,0.532258064516129,glass-0-1-5_vs_2,0.7419354838709677,0.5483870967741935,0.5161290322580645,0.5161290322580645
87,new-thyroid2,0.98015873015873,0.98015873015873,0.98015873015873,0.9761904761904762,new-thyroid2,0.984126984126984,0.988095238095238,0.984126984126984,0.98015873015873,new-thyroid2,0.988095238095238,0.988095238095238,0.988095238095238,0.988095238095238,lymphography-normal-fibrosis,0.9464285714285714,0.9464285714285714,0.9464285714285714,0.9464285714285714,new-thyroid2,0.9642857142857144,0.9722222222222222,0.988095238095238,0.9563492063492064,new-thyroid2,0.9404761904761904,0.988095238095238,0.9761904761904762,0.9761904761904762
88,dermatology-6,0.926470588235294,0.9301470588235294,0.9301470588235294,0.9338235294117648,dermatology-6,1.0,1.0,1.0,1.0,dermatology-6,1.0,1.0,1.0,1.0,wisconsinImb,0.9803370786516854,0.9803370786516854,0.9803370786516854,0.9803370786516854,dermatology-6,0.9779411764705884,0.9852941176470588,0.9926470588235294,0.9595588235294118,dermatology-6,0.9632352941176472,0.9963235294117648,1.0,1.0
89,ecoli-0-6-7_vs_3-5,0.53,0.525,0.53,0.525,ecoli-0-6-7_vs_3-5,0.995,0.995,0.995,0.995,ecoli-0-6-7_vs_3-5,0.985,0.985,0.99,0.985,ecoli-0-1-4-6_vs_5,0.8653846153846154,0.8653846153846154,0.8653846153846154,0.8653846153846154,ecoli-0-6-7_vs_3-5,0.925,0.925,0.945,0.94,ecoli-0-6-7_vs_3-5,0.86,0.89,0.93,0.93
90,ecoli-0-3-4-6_vs_5,0.7027027027027027,0.7162162162162162,0.7027027027027027,0.7297297297297298,ecoli-0-3-4-6_vs_5,0.9189189189189191,0.9256756756756755,0.9121621621621622,0.9256756756756755,ecoli-0-3-4-6_vs_5,0.9391891891891893,0.945945945945946,0.945945945945946,0.9189189189189191,abalone-17_vs_7-8-9-10,0.8221856725146199,0.8223684210526316,0.8221856725146199,0.8221856725146199,ecoli-0-3-4-6_vs_5,0.9054054054054054,0.9189189189189191,0.9256756756756755,0.9121621621621622,ecoli-0-3-4-6_vs_5,0.9054054054054054,0.9121621621621622,0.9324324324324323,0.9324324324324323
91,winequality-white-9_vs_4,0.7575757575757576,0.7575757575757576,0.7575757575757576,0.7575757575757576,winequality-white-9_vs_4,0.5757575757575758,0.6666666666666666,0.6666666666666666,0.6666666666666666,winequality-white-9_vs_4,0.5151515151515151,0.5757575757575758,0.5757575757575758,0.6060606060606061,yeast-1_vs_7,0.6918604651162791,0.6918604651162791,0.6918604651162791,0.6918604651162791,winequality-white-9_vs_4,0.5151515151515151,0.5454545454545454,0.5151515151515151,0.6060606060606061,winequality-white-9_vs_4,0.9393939393939394,0.6363636363636364,0.6666666666666667,0.6666666666666667
92,abalone9-18,0.5587761674718197,0.5611916264090178,0.5531400966183575,0.5644122383252819,abalone9-18,0.9694041867954912,0.9718196457326892,0.9677938808373592,0.9669887278582929,abalone9-18,0.9806763285024156,0.9774557165861514,0.9766505636070854,0.9822866344605476,pimaImb,0.7418518518518519,0.7418518518518519,0.7418518518518519,0.7418518518518519,abalone9-18,0.8478260869565217,0.8462157809983897,0.8655394524959743,0.8590982286634461,abalone9-18,0.7391304347826086,0.8180354267310791,0.8993558776167472,0.8993558776167472
93,segment0,0.5446893174165901,0.5439623507805326,0.5428910315273952,0.5435032139577595,segment0,0.9545837159473524,0.9548898071625344,0.9562289562289562,0.9546602387511478,segment0,0.9424548515457608,0.9431052953780228,0.9417278849097029,0.9420722375267828,ecoli-0_vs_1,0.9724137931034484,0.9724137931034484,0.9724137931034484,0.9724137931034484,segment0,0.5063131313131313,0.5392561983471075,0.5032139577594124,0.6264539332721151,segment0,0.6257652280379553,0.7558157330884603,0.7181282522191612,0.7181282522191612
94,winequality-white-3-9_vs_5,0.5328767123287672,0.5164383561643836,0.5308219178082192,0.5321917808219179,winequality-white-3-9_vs_5,0.8184931506849316,0.8191780821917808,0.8226027397260274,0.8212328767123288,winequality-white-3-9_vs_5,0.8061643835616438,0.8082191780821918,0.8054794520547945,0.8089041095890411,yeast5,0.7851080246913579,0.7851080246913579,0.7851080246913579,0.7851080246913579,winequality-white-3-9_vs_5,0.6609589041095891,0.5746575342465753,0.6061643835616438,0.5595890410958904,winequality-white-3-9_vs_5,0.5732876712328767,0.5808219178082191,0.5753424657534246,0.5753424657534246
